id,value
flare,
flare.esri,
flare.esri.esriuc,370
flare.esri.esri,304
flare.esri.esristartups,41
flare.esri.esrigram,26
flare.esri.esriypn,20
flare.esri.esrigeonet,20
flare.esri.esripress,19
flare.esri.esriapps,18
flare.esri.esricanada,18
flare.esri.esriegug,14
flare.esri.esri_nonprofit,14
flare.esri.esristorymaps,8
flare.esri.esricol,7
flare.esri.esrislgov,7
flare.esri.esrisurvey123,6
flare.esri.esritraining,5
flare.esri.esricoldefensa,5
flare.esri.esri_geospatial,5
flare.esri.ysa_esriza,4
flare.esri.esrigeodev,4
flare.esri.esrisouthafrica,4
flare.esri.esriinteractive,4
flare.esri.esri_de,4
flare.esri.esriuk,3
flare.esri.esripetroleum,3
flare.esri.esriwater,3
flare.esri.esrigeodesign,3
flare.esri.esrilive,2
flare.esri.esriitalia,2
flare.esri.esriireland,2
flare.esri.esrilibrary,2
flare.esri.esrieventsapp,2
flare.attendee,
flare.attendee.arcgispro,62
flare.attendee.arcgisonline,43
flare.attendee.arcgisxprise,40
flare.attendee.cityworks,39
flare.attendee.deepseadawn,39
flare.attendee.cityengine,34
flare.attendee.smartdubai,34
flare.attendee.ups,29
flare.attendee.digitalglobe,27
flare.attendee.taylorshellfish,27
flare.attendee.john_m_nelson,24
flare.attendee.oakgov,24
flare.attendee.kennethfield,21
flare.attendee.globalecoguy,20
flare.attendee.blueraster,18
flare.attendee.arcgishub,18
flare.attendee.disney,16
flare.attendee.sdconventionctr,16
flare.attendee.womeningis,16
flare.attendee.disneyanimation,15
flare.attendee.learnarcgis,15
flare.attendee.theaag,14
flare.attendee.jackdangermond,14
flare.attendee.aisha_binbishr,14
flare.attendee.allencarroll,13
flare.attendee.sap,13
flare.attendee.sassoftware,13
flare.attendee.compasstrac,12
flare.attendee.disneyzootopia,12
flare.attendee.bernszukalski,12
flare.attendee.pwrengineers,11
flare.attendee.microsoft,11
flare.attendee.boundlessgeo,11
flare.attendee.starsambulance,11
flare.attendee.mapbox,11
flare.attendee.urisa,10
flare.attendee.mapinfo,10
flare.attendee.mraad,10
flare.attendee.sidewalkballet,10
flare.attendee.geocortex,10
flare.attendee.the,10
flare.attendee.werobotics,10
flare.attendee.giscorps,10
flare.attendee.4h,10
flare.attendee.dhansen601,9
flare.attendee.josephkerski,9
flare.attendee.westsafety,9
flare.attendee.gisincorporated,9
flare.attendee.here,8
flare.attendee.onbase,8
flare.attendee.geobyharris,8
flare.attendee.nathancshephard,8
flare.attendee.ajturner,8
flare.attendee.sapinmemory,7
flare.attendee.pitneybowes,7
flare.attendee.kauhi71,7
flare.attendee.pwcpolska,7
flare.attendee.nga_geoint,7
flare.attendee.trimblegis,7
flare.attendee.gisetc,7
flare.attendee.navitia,7
flare.attendee.mdfoodmap,7
flare.attendee.johnisaacclark,7
flare.attendee.arcgislocalgov,7
flare.attendee.spatialace,7
flare.attendee.marvlis,7
flare.attendee.aerialai,6
flare.attendee.jradmapgirl,6
flare.attendee.conterra,6
flare.attendee.oaklandcounty,6
flare.attendee.lorisscott,6
flare.attendee.chesconserv,6
flare.attendee.mapillary,6
flare.attendee.sapanalytics,6
flare.attendee.sdsuresearch,6
flare.attendee.planetlabs,6
flare.attendee.mncltd,6
flare.attendee.uc,6
flare.attendee.cartegraph,6
flare.attendee.bjarratt,5
flare.attendee.osisoft,5
flare.attendee.argissolutions,5
flare.attendee.maptiks,5
flare.attendee.tylertech,5
flare.attendee.tpl_org,5
flare.attendee.natureserve,5
flare.attendee.usgs,5
flare.attendee.ltsabc,5
flare.attendee.ozindc,5
flare.attendee.d3dubai,5
flare.attendee.kvessali,5
flare.attendee.pennstategis,5
flare.attendee.rockoncali,5
flare.attendee.melindamorang,5
flare.attendee.geojobegis,5
flare.attendee.futuragis,5
flare.attendee.arcgis,5
flare.attendee.51by1,5
flare.attendee.prav33n,5
flare.attendee.autodesk,5
flare.attendee.sspinnovations,4
flare.attendee.urisatexas,4
flare.attendee.drone2map,4
flare.attendee.emilyacheson1,4
flare.attendee.hilton,4
flare.attendee.lasertechinc_,4
flare.attendee.lisaberry_gis,4
flare.attendee.plwmodelworks3d,4
flare.attendee.projectjupyter,4
flare.attendee.balboapark,4
flare.attendee.lucityinc,4
flare.attendee.andydwilson65,4
flare.attendee.3,4
flare.attendee.firewhat,4
flare.attendee.scgis,4
flare.attendee.disneystudios,4
flare.attendee.0mgould,4
flare.attendee.thesnigduh,4
flare.attendee.livingatlas,4
flare.attendee.epsonamerica,4
flare.attendee.ordnancesurvey,4
flare.attendee.gletham,3
flare.attendee.adequis,3
flare.attendee.unigis_world,3
flare.attendee.safesoftware,3
flare.attendee.usgifypg,3
flare.attendee.leicageosystems,3
flare.attendee.appgeo,3
flare.attendee.navteca,3
flare.attendee.ducanada,3
flare.attendee.geomarvel,3
flare.attendee.shannonhwhite,3
flare.attendee.philsbbqsd,3
flare.attendee.lindabeale,3
flare.attendee.bluemarblegeo,3
flare.attendee.livablefuture,3
flare.attendee.hobieperry,3
flare.attendee.echosec_search,3
flare.attendee.nrcan,3
flare.attendee.mapbosse,3
flare.attendee.citylab,3
flare.attendee.usfs_nrs,3
flare.attendee.shapefiie,3
flare.attendee.pwcenergy,3
flare.attendee.airbus,3
flare.attendee.awhere,3
flare.attendee.geonis_gis,3
flare.attendee.10,3
flare.attendee.geo_neill,3
flare.attendee.tct_mims,3
flare.attendee.2,3
flare.attendee.pdskc,3
flare.attendee.forestservice,3
flare.attendee.fernleafinfo,3
flare.attendee.usfs_srs,3
flare.attendee.cityworkssam,3
flare.attendee.syngentaus,3
flare.attendee.2pm,3
flare.attendee.unicef,3
flare.attendee.a_c_robinson,3
flare.attendee.airbusdefence,3
flare.attendee.hiltonbayfront,3
flare.attendee.cybertechonline,3
flare.attendee.robertwcarroll,3
flare.attendee.paulsteeves,3
flare.attendee.exprodat,3
flare.attendee.yanncabon,3
flare.attendee.getechplc,3
flare.attendee.theglobein3d,3
flare.attendee.bosshenek,3
flare.attendee.sparkgeo,3
flare.attendee.mannucciratti,3
flare.attendee.gis4teachers,3
flare.attendee.lucityjim,3
flare.attendee.abudhabi_egov,3
flare.attendee.chriscatania,3
flare.attendee.link_gis,3
flare.attendee.susanminnemeyer,3
flare.attendee.gis_bandit,3
flare.attendee.nxngroup,3
flare.attendee.directrelief,3
flare.attendee.youtube,3
flare.attendee.nearmap,3
flare.attendee.tracysmaps,2
flare.attendee.mattpietryszyn,2
flare.attendee.datemsystems,2
flare.attendee.wilsonism,2
flare.attendee.davmomach,2
flare.attendee.spatial_punk,2
flare.attendee.instagram,2
flare.attendee.cartonaut,2
flare.attendee.booth,2
flare.attendee.uofredlands,2
flare.attendee.jenegrandmont,2
flare.attendee.geointer,2
flare.attendee.cityofcalgary,2
flare.attendee.rswurman,2
flare.attendee.gisci_gisp,2
flare.attendee.leicageous,2
flare.attendee.geoworldmedia,2
flare.attendee.dupagecounty,2
flare.attendee.mgcopping,2
flare.attendee.hamhandedly,2
flare.attendee.rapidlasso,2
flare.attendee.bcsgis,2
flare.attendee.7pm,2
flare.attendee.kekenes,2
flare.attendee.sarahschradermn,2
flare.attendee.mapsoverlord,2
flare.attendee.1,2
flare.attendee.mapdex,2
flare.attendee.ballroom,2
flare.attendee.education_air,2
flare.attendee.critigen,2
flare.attendee.mudmo,2
flare.attendee.arcgisjsapi,2
flare.attendee.saudipost_en,2
flare.attendee.cityofsandiego,2
flare.attendee.environicsa,2
flare.attendee.odoenet,2
flare.attendee.kevin_faulconer,2
flare.attendee.cityofmemphis,2
flare.attendee.m_files,2
flare.attendee.eagleviewtech,2
flare.attendee.newmapsplus,2
flare.attendee.gd3duk,2
flare.attendee.seattletimes,2
flare.attendee.re_sieber,2
flare.attendee.schneidergis,2
flare.attendee.el,2
flare.attendee.juliepowellgis,2
flare.attendee.newongiscafe,2
flare.attendee.dtsgis,2
flare.attendee.ymca,2
flare.attendee.penbaysolutions,2
flare.attendee.chmelovsky,2
flare.attendee.kisiodigital,2
flare.attendee.jherries,2
flare.attendee.saudipost,2
flare.attendee.jctacarpediem,2
flare.attendee.udceoe,2
flare.attendee.atlairport,2
flare.attendee.socialmktgfella,2
flare.attendee.waterforpeople,2
flare.attendee.healthlandscape,2
flare.attendee.woodsideenergy,2
flare.attendee.relivecc,2
flare.attendee.conocophillips,2
flare.attendee.sethastark,2
flare.attendee.wassermanplan,2
flare.attendee.unigisalatina,2
flare.attendee.carstenkessler,2
flare.attendee.drunkarcpy,2
flare.attendee.gised,2
flare.attendee.skyerperry,2
flare.attendee.driscollsberry,2
flare.attendee.geodecisions,2
flare.attendee.infinitecoop,2
flare.attendee.steveheidelberg,2
flare.attendee.cityofsouthbend,2
flare.attendee.europatech,2
flare.attendee.exgeospatial,2
flare.attendee.accelasoftware,2
flare.attendee.corelogicinc,2
flare.attendee.udlibrary,2
flare.attendee.11am,2
flare.attendee.gisambassador,2
flare.attendee.mtinkerpg,2
flare.attendee.phlinnovation,2
flare.attendee.lasvegassun,2
flare.attendee.geocgi,2
flare.attendee.kvangraafeiland,2
flare.attendee.aaggeomentors,2
flare.attendee.enriqueglegaspi,2
flare.attendee.kachelriess,2
flare.attendee.della_adams95,2
flare.attendee.ukgeog,2
flare.attendee.ireacolorado,2
flare.attendee.cityofstcharles,2
flare.attendee.jer_lindemann,2
flare.attendee.trbaker,2
flare.attendee.kaileestewart,2
flare.attendee.pic,2
flare.attendee.usacehq,2
flare.attendee.ricsrecruit,2
flare.attendee.swissre,2
flare.attendee.unitedwayottawa,2
flare.attendee.linkedin,2
flare.attendee.meckgis,2
flare.attendee.gaslampquarter,2
flare.attendee.linkgis,2
flare.attendee.ccredctx,2
flare.attendee.kathrynkeranen,2
flare.attendee.appstudioarcgis,2
flare.attendee.calacademy,2
flare.attendee.nygateway,2
flare.attendee.andreskupin,2
flare.attendee.globaldecker,2
flare.attendee.bill_meehan,2
flare.attendee.wamnews,2
flare.attendee.nato,2
flare.attendee.4,2
flare.attendee.paulagaviriab,2
flare.attendee.ubcgeog,2
flare.attendee.angealexander88,2
flare.attendee.lasvegasweekly,2
flare.attendee.worldresources,2
flare.attendee.gnhwpca,2
flare.attendee.esr,2
flare.attendee.nkymaplab,2
flare.attendee._chrisjandrews,2
flare.attendee.missionblue,2
flare.attendee.geographiliac,2
flare.attendee.noon,2
flare.attendee.wadnr,2
flare.attendee.marklogic,2
flare.attendee.bellagio,2
flare.attendee.sdsu,2
flare.attendee.mapuipatterns,2
flare.attendee.hard,2
flare.attendee.roanokecountyva,2
flare.attendee.roberteroth,2
flare.attendee.lucasjoppa,2
flare.attendee.anusuya19,2
flare.attendee.petersongis,2
flare.attendee.conklin_b,2
flare.attendee.apa_planning,2
flare.attendee.waze,2
flare.attendee.https,2
flare.attendee.hp,2
flare.attendee.6,2
flare.attendee.igreensmith,2
flare.attendee.rjbudden,2
flare.attendee.clearion,2
flare.attendee.safegraph,2
flare.attendee.ilgisa,2
flare.attendee.citybrampton,2
flare.attendee.geography_kes,2
flare.attendee.dawnsiegel,2
flare.attendee.ducksunlimited,2
flare.attendee.quantumspatial,2
flare.attendee.lastools,2
flare.attendee.mbakerintl,2
flare.attendee.uscensusbureau,2
flare.attendee.garsdaledesign,2
flare.attendee.nemac,2
flare.attendee.penn_state,2
